distance,traffic,blockage,road_condition,travel_time
2,1,0,1,5
3,1,0,1,7
4,1,0,1,8
5,1,0,1,10
6,1,0,1,12
7,1,0,1,14
8,1,0,1,16
9,1,0,1,18
10,1,0,1,20
3,2,0,1,8
4,2,0,1,10
5,2,0,1,12
6,2,0,1,14
7,2,0,1,16
8,2,0,1,18
9,2,0,1,20
10,2,0,1,22
3,3,0,1,10
4,3,0,1,12
5,3,0,1,14
6,3,0,1,16
7,3,0,1,18
8,3,0,1,20
9,3,0,1,22
10,3,0,1,24
3,1,1,1,8
4,1,1,1,10
5,1,1,1,12
6,1,1,1,14
7,1,1,1,16
8,1,1,1,18
9,1,1,1,20
10,1,1,1,22
3,2,1,1,10
4,2,1,1,12
5,2,1,1,14
6,2,1,1,16
7,2,1,1,18
8,2,1,1,20
9,2,1,1,22
10,2,1,1,24
3,3,1,1,12
4,3,1,1,14
5,3,1,1,16
6,3,1,1,18
7,3,1,1,20
8,3,1,1,22
9,3,1,1,24
10,3,1,1,26
3,1,0,0,9
4,1,0,0,11
5,1,0,0,13
6,1,0,0,15
7,1,0,0,17
8,1,0,0,19
9,1,0,0,21
10,1,0,0,23
3,2,0,0,11
4,2,0,0,13
5,2,0,0,15
6,2,0,0,17
7,2,0,0,19
8,2,0,0,21
9,2,0,0,23
10,2,0,0,25
3,3,0,0,13
4,3,0,0,15
5,3,0,0,17
6,3,0,0,19
7,3,0,0,21
8,3,0,0,23
9,3,0,0,25
10,3,0,0,27
3,1,1,0,11
4,1,1,0,13
5,1,1,0,15
6,1,1,0,17
7,1,1,0,19
8,1,1,0,21
9,1,1,0,23
10,1,1,0,25
3,2,1,0,13
4,2,1,0,15
5,2,1,0,17
6,2,1,0,19
7,2,1,0,21
8,2,1,0,22
9,2,1,0,24
10,2,1,0,26
3,3,1,0,15
4,3,1,0,17
5,3,1,0,19
6,3,1,0,21
7,3,1,0,23
8,3,1,0,25
9,3,1,0,27
10,3,1,0,29